<?xml version="1.0" encoding="UTF-8"?>
<extension>
    <name>DSP-FIR-Mellow</name>
    <module>Plugins::DSPFIRMellow::Plugin</module>
    <version>1.0.0</version>
    <description>DSP FIR processing with Mellow settings</description>
    <creator>Informatica Melizzi</creator>
    <email>support@informaticamelizzi.it</email>
    <homepageURL>https://github.com/InformaticaMelizzi/dsp-fir-mellow</homepageURL>
    <targetApplication>
        <appName>Logitech Media Server</appName>
        <minVersion>7.8</minVersion>
        <maxVersion>*</maxVersion>
    </targetApplication>
</extension>
